vl_start,vh_start,vl_ideal,vh_ideal,vl_target,vh_target,type
DIVMSQSPSSLAVSVGEKVTMSCKSSQSLLYSSLQKNYLAWYQQKPGQSPKLLIYWASTRESGVPDRFTGSGSETDFTLTISSVKAEDDAVYYCQQYYNYPSTFGGGTYLEIK,EVKLEESGGGLVQPGGSMRLSCAASGFTFSDAWMDWVRQSPEKGLEWVGEIRSKANNHATYYAESVKGRFTISRDDSKSSVYLQKNSLRAEDTGIYYCTPITTGAWFAYWGQGTLVTVSA,DIVMTQSPDSLAVSLGERATINCKSSQSVLYSSINKNYLAWYQQKPGQPPKLLIYWASTRESGVPDRPSGSGSGTDFTLTISSLQAEDVAVYYCQQYYNYPSTYGGGTKVEIK,EVQLVESGGGLVKPGGSLRLSCAASGFTFSDAWMDWVRQAPGKGLEWVGEIRSKANNHATYYAASVKGRFTISRDDSKNTLYLQMNSLKTEDTAVYYCTPITTGAWFAYWGQGTLVTVSS,DIVMSQSPSSLAVSVGEKVTMSCKSSQSLLYSSLQKNYLAWYQQKPGQSPKLLIYWASTRESGVPDRFTGSGSETDFTLTISSVKAEDDAVYYCQQYYNYPSTFGGGTYLEIK,EVKLEESGGGLVQPGGSMRLSCAASGFTFSDAWMDWVRQSPEKGLEWVGEIRSKANNHATYYAESVKGRFTISRDDSKSSVYLQKNSLRAEDTGIYYCTPITTGAWFAYWGQGTLVTVSA,chimeric
DILMTQTPLILSVTIGQPASISCKSSQSLLYSNGKTYLNWLLQRPGQSPKRLIYLVSKLDSGVPDRFTGSGSGTDFTLKIIRVEAEDLGVYYCVQGTHFPQTFGGGTKLEIKR,QVQLQQSGPELVKPGASVKISCKASGYAFSSSWMNWVKQRPGQGLEWIGRIYPGDGDTNYNGKFKGKATLTADKSSSTAYMQLSSLTSVDSAVYFCAREYDEAYWGQGTLVTVSA,DILMTQTPLSLSVTPGQPASISCKSSQSLLYSNGKTYLNWLLQKPGQSPKRLIYLVSKLDSGVPDRFSGSGSGTDFTLKISRVEAEDVGVYYCVQGTHFPQTFGGGTKVEIKR,QVQLVQSGAEVVKPGASVKVSCKASGYAFSSSWMNWVRQAPGQGLEWIGRIYPGDGDTNYAQKFQGKATLTADKSTSTAYMELSSLRSEDTAVYFCAREYDEAYWGQGTLVTVSS,DILMTQTPLILSVTIGQPASISCKSSQSLLYSNGKTYLNWLLQRPGQSPKRLIYLVSKLDSGVPDRFTGSGSGTDFTLKIIRVEAEDLGVYYCVQGTHFPQTFGGGTKLEIKR,QVQLQQSGPELVKPGASVKISCKASGYAFSSSWMNWVKQRPGQGLEWIGRIYPGDGDTNYNGKFKGKATLTADKSSSTAYMQLSSLTSVDSAVYFCAREYDEAYWGQGTLVTVSA,chimeric
DIVLTQSPASQSASLGESVTITCLASQTIGTWLAWYQQKPGKSPQLLIYAATSLADGVPSRFSGSGSGTKFSFKISSLQAEDFVSYYCQQLYSTPYTFGGGTKLEIKR,EVKLQESGPSLVKPSQSLSLTCSVTGYSITSGYSWNWIRQFPGNKLEWMGYVNNDGLNNYNPSLKNRISITRDTSQNQFFLRFDSLTTEDTATYFCTLYGYDGAWFTYWGQGTLVTVSA,DIVLTQSPSSLSASVGDRVTITCLASQTIGTWLAWYQQKPGKSPQLLIYAATSLADGVPSRFSGSGSGTKFTLTISSLQPEDFATYYCQQLYSTPYTFGGGTKVEIKR,EVQLQESGPGLVKPSETLSLTCAVSGYSITSGYSWNWIRQPPGNKLEWMGYVNNDGLNNYNPSLKSRITITRDTSKNQFSLKFSSVTAADTAVYFCTLYGYDGAWFTYWGQGTLVTVSS,DIVLTQSPASQSASLGESVTITCLASQTIGTWLAWYQQKPGKSPQLLIYAATSLADGVPSRFSGSGSGTKFSFKISSLQAEDFVSYYCQQLYSTPYTFGGGTKLEIKR,EVKLQESGPSLVKPSQSLSLTCSVTGYSITSGYSWNWIRQFPGNKLEWMGYVNNDGLNNYNPSLKNRISITRDTSQNQFFLRFDSLTTEDTATYFCTLYGYDGAWFTYWGQGTLVTVSA,chimeric
DIQMTQTTSSLSASLGDRVIISCSASQDISNYLNWYQQKPDGTVKVLIYFTSSLHSGVPSRFSGSGSGTDYSLTISNLEPEDIATYYCQQYSTVPWTFGGGTKLEIK,EIQLVQSGPELKQPGETVRISCKASGYTFTNYGMNWVKQAPGKGLKWMGWINTYTGEPTYAADFKRRFTFSLETSASTAYLQISNLKNDDTATYFCAKYPHYYGSSHWYFDVWGAGTTVTVSS,DIQMTQSPSSLSASVGDRVTITCSASQDISNYLNWYQQKPGKAPKLLIYFTSSLHSGVPSRFSGSGSGTDYTLTISSLQPEDFATYYCQQYSTVPWTFGQGTKVEIK,EVQLVESGGGLVQPGGSLRLSCAASGYTFTNYGMNWIRQAPGKGLEWVGWINTYTGEPTYAADFKRRFTISLDTSASTVYLQMNSLRAEDTAVYYCAKYPHYYGSSHWYFDVWGQGTLVTVSS,DIQMTQTTSSLSASLGDRVIISCSASQDISNYLNWYQQKPDGTVKVLIYFTSSLHSGVPSRFSGSGSGTDYSLTISNLEPEDIATYYCQQYSTVPWTFGGGTKLEIK,EIQLVQSGPELKQPGETVRISCKASGYTFTNYGMNWVKQAPGKGLKWMGWINTYTGEPTYAADFKRRFTFSLETSASTAYLQISNLKNDDTATYFCAKYPHYYGSSHWYFDVWGAGTTVTVSS,chimeric
DILLTQSPAILSVSPGDRVSFSCRASQSIGTSIHWYQQRTNGSPRLLIKYASESISGIPSRFSGSGSGTDFTLSINSVESEDVADYYCQQSSSWPFTFGSGTKLEIK,QVQLQQSGPDLVKPGASVRISCKASGYTFAGHYVHWVKQRPGQGLEWIGWILPGKVNTKYNEKFKGKATLTADKSSSTAYMQLSSLTSEDSAVYFCARVGYDYPYYFDYWGQGTTLTVSS,DIVMTQSPAIVSASPGDRASFSCRASQSIGTSIHWYQQRTNGSPRLLIKYASESISGIPSRFSGSGSGTDFTLSINSTESEDTADYYCQQSSSWPFTFGSGTKLEIK,QVQLQQSGPDLAKPGASARISCKASGYTFAGHYVHWVKQRPGQGLEWIGWILPGKVNTKYNEKFKGKATLTADKSSSTAYMELSSLTSEDTAVYFCARVGYDYPYYFDYWGQGTTVTVSS,DILLTQSPAILSVSPGDRVSFSCRASQSIGTSIHWYQQRTNGSPRLLIKYASESISGIPSRFSGSGSGTDFTLSINSVESEDVADYYCQQSSSWPFTFGSGTKLEIK,QVQLQQSGPDLVKPGASVRISCKASGYTFAGHYVHWVKQRPGQGLEWIGWILPGKVNTKYNEKFKGKATLTADKSSSTAYMQLSSLTSEDSAVYFCARVGYDYPYYFDYWGQGTTLTVSS,chimeric
DILLTQSPAILSVSPGDRVSFSCRASQSIGTSIHWYQQRTNGSPRLLIKYASESISGIPSRFSGSGSGTDFTLSINSVESEDVADYYCQQSSSWPFTFGSGTKLEIK,QVQLQQSGPDLVKPGASVRISCKASGYTFAGHYVHWVKQRPGQGLEWIGWILPGKVNTKYNEKFKGKATLTADKSSSTAYMQLSSLTSEDSAVYFCARVGYDYPYYFDYWGQGTTLTVSS,DIVMTQSPAIVSASPGDRASFSCRASQSIGTSIHWYQQRTNGSPRLLIKYASESISGIPSRFSGSGSGTDFTLSINSTESEDTADYYCQQSSSWPFTFGSGTKLEIK,QVQLQQSGPDLAKPGASARISCKASGYTFAGHYVHWVKQRPGQGLEWIGWILPGKVNTKYNEKFKGKATLTADKSSSTAYMELSSLTSEDTAVYFCARVGYDYPYYFDYWGQGTTVTVSS,DILLTQSPAILSVSPGDRVSFSCRASQSIGTSIHWYQQRTNGSPRLLIKYASESISGIPSRFSGSGSGTDFTLSINSVESEDVADYYCQQSSSWPFTFGSGTKLEIK,QVQLQQSGPDLVKPGASVRISCKASGYTFAGHYVHWVKQRPGQGLEWIGWILPGKVNTKYNEKFKGKATLTADKSSSTAYMQLSSLTSEDSAVYFCARVGYDYPYYFDYWGQGTTLTVSS,chimeric
DIVMTQSPLSLPVTPGEPASISCRSSQSIVHSNGNTYLEWYLQKPGQSPQLLIYKVSNRFSGVPDRFSGSGSGTDFTLKISRVEAEDVGVYYCFQGSHVPPTFGQGTKLEIK,DVQLVESGGGVVQPGRSLRLSCAASGFTFSSFGMHWVRQAPGKGLQWMVYISSGSSTIYYADTVKGRFTISRDNSRSTLFLQMNSLRGEDTAVYYCARTGTRAYWGQGTLVTVSS,DIVMTQSPLSVLVTPGEPASISCLSSQSIVHSNGNTYLEWYLQKPGQSPQLLIYKVSNKFSGVPDRFSGSGSGTDFTLKISRVEAEDVGVYYCFQGSHVPPTFGQGGKLEIK,DVQLVESGGGVVQPGRSLRRSCAASGFTFSSFGMHWVRQAPGKGLQWEVVAISSGSSTIYYADTVKGRFTISRDNSRSTNFLQMNSLRGEDTAVYMCARTGTRAYWGQGTLVTVSS,DIVMTQSPLSLPVTPGEPASISCRSSQSIVHSNGNTYLEWYLQKPGQSPQLLIYKVSNRFSGVPDRFSGSGSGTDFTLKISRVEAEDVGVYYCFQGSHVPPTFGQGTKLEIK,DVQLVESGGGVVQPGRSLRLSCAASGFTFSSFGMHWVRQAPGKGLQWMVYISSGSSTIYYADTVKGRFTISRDNSRSTLFLQMNSLRGEDTAVYYCARTGTRAYWGQGTLVTVSS,chimeric
DVLMTQIPLSLPVSLGDQASISCRSSQNIVHSNGNTYLDWYLQKPGQSPNLLIYKVSNRFSGVPDRFRGSGSGTDFTLKISRVEAEDLGVYYCFQYSHVPWTFGGGTKLEIKRA,QVQLQQPGAELVKPGASVKLSCKASGYTETNYYIYWVKQRPGQGLEWIGGINPTSGGSNFNEKFKTKATLTVDESSTTAYMQLSSLTSEDSAVYYCTRQGLWFDSDGRGFDFWGQGTTLTVSS,DIQMTQSPSSLSASVGDRVTITCRSSQNIVHSNGNTYLDWYQQTPGKAPKLLIYKVSNRFSGVPSRFSGSGSGTDFTFTISSLQPEDIATYYCFQYSHVPWTFGQGTKLQITRE,QVQLQQSGAEVKKPGSSVKVSCKASGYTFTNYYIYWVRQAPGQGLEWIGGINPTSGGSNFNEKFKTRVTITVDESTNTAYMELSSLRSEDTAFYFCARQGLWFDSDGRGFDFWGQGSTVTVSS,DVLMTQIPLSLPVSLGDQASISCRSSQNIVHSNGNTYLDWYLQKPGQSPNLLIYKVSNRFSGVPDRFRGSGSGTDFTLKISRVEAEDLGVYYCFQYSHVPWTFGGGTKLEIKRA,QVQLQQPGAELVKPGASVKLSCKASGYTETNYYIYWVKQRPGQGLEWIGGINPTSGGSNFNEKFKTKATLTVDESSTTAYMQLSSLTSEDSAVYYCTRQGLWFDSDGRGFDFWGQGTTLTVSS,chimeric
DVLMTQIPLSLPVSLGDQASISCRSSQNIVHSNGNTYLDWYLQKPGQSPNLLIYKVSNRFSGVPDRFRGSGSGTDFTLKISRVEAEDLGVYYCFQYSHVPWTFGGGTKLEIKRA,QVQLQQPGAELVKPGASVKLSCKASGYTETNYYIYWVKQRPGQGLEWIGGINPTSGGSNFNEKFKTKATLTVDESSTTAYMQLSSLTSEDSAVYYCTRQGLWFDSDGRGFDFWGQGTTLTVSS,DIQMTQSPSSLSASVGDRVTITCRSSQNIVHSNGNTYLDWYQQTPGKAPKLLIYKVSNRFSGVPSRFSGSGSGTDFTFTISSLQPEDIATYYCFQYSHVPWTFGQGTKLQITRE,QVQLQQSGAEVKKPGSSVKVSCKASGYTFTNYYIYWVRQAPGQGLEWIGGINPTSGGSNFNEKFKTKATITVDESSTTAYMELSSLRSEDTAFYFCTRQGLWFDSDGRGFDFWGQGSTVTVSS,DVLMTQIPLSLPVSLGDQASISCRSSQNIVHSNGNTYLDWYLQKPGQSPNLLIYKVSNRFSGVPDRFRGSGSGTDFTLKISRVEAEDLGVYYCFQYSHVPWTFGGGTKLEIKRA,QVQLQQPGAELVKPGASVKLSCKASGYTETNYYIYWVKQRPGQGLEWIGGINPTSGGSNFNEKFKTKATLTVDESSTTAYMQLSSLTSEDSAVYYCTRQGLWFDSDGRGFDFWGQGTTLTVSS,chimeric
DIQMTQSPSSLSASVGDRVTITCHASQGIRINIGWYQQKPGKAPKLLIYHGTNLEDGVPSRFSGSGSGTDFTLTISSLQPEDFATYYCVQYGQFPWTFGQGTKLEIK,QVQLVQSGAEVKKPGASVKVSCKASGYTFTSYWMHWVRQAPGQGLEWMGEINPSNGRTNYNEKFKTRVTITADTSTSTAYMELSSLRSEDTAVYYCARGYYLYFDYWGQGTLVTVSS,DIQMTQSPSSMSVSLGDRVTITCHASQGIRINIGWLQQKPGKSFKGLIYHGTNLEDGVPSRFSGSGSGTDYTLTISSLQPEDFADYYCVQYGQFPWTFGQGTKLEIK,QVQLVQSGAEVVKPGASVKLSCKASGYTFTSYWMHWVKQRPGQGLEWIGEINPSNGRTNYNEKFKTKATLTVDKSTSTAYMELSSLRSEDTAVYYCAGGYYLYFDYWGQGTLVTVSS,DIQMTQSPSSLSASVGDRVTITCHASQGIRINIGWYQQKPGKAPKLLIYHGTNLEDGVPSRFSGSGSGTDFTLTISSLQPEDFATYYCVQYGQFPWTFGQGTKLEIK,QVQLVQSGAEVKKPGASVKVSCKASGYTFTSYWMHWVRQAPGQGLEWMGEINPSNGRTNYNEKFKTRVTITADTSTSTAYMELSSLRSEDTAVYYCARGYYLYFDYWGQGTLVTVSS,chimeric
QIVLTQSPAIMSASPGEKVTMTCSASSSVTYMYWYQQKPGSSPRLLIYDTSNLASGVPVRFSGSGSGTSYSLTISRMEAEDAATYYCQQWSSHIFTFGSGTKLEIK,QVQLQQPGAELVKPGASVKLSCKASGYTFTSHWMHWVKQRAGQGLEWIGEFNPSNGRTNYNEKFKSKATLTVDKSSSTAYMQLSSLTSEDSAVYYCASRDYDYDGRYFDYWGQGTTLTVSS,DIQMTQSPSSLSASVGDRVTITCSASSSVTYMYWYQQKPGKAPKLLIYDTSNLASGVPSRFSGSGSGTDFTFTISSLQPEDIATYYCQQWSSHIFTFGQGTKVEIK,QVQLVQSGAEVKKPGASVKVSCKASGYTFSSHWMHWVRQAPGQGLEWVGEFNPSNGRTNYNEKFKSRVTMTLDTSTNTAYMELSSLRSEDTAVYYCASRDYDYDGRYFDYWGQGTLVTVSS,QIVLTQSPAIMSASPGEKVTMTCSASSSVTYMYWYQQKPGSSPRLLIYDTSNLASGVPVRFSGSGSGTSYSLTISRMEAEDAATYYCQQWSSHIFTFGSGTKLEIK,QVQLQQPGAELVKPGASVKLSCKASGYTFTSHWMHWVKQRAGQGLEWIGEFNPSNGRTNYNEKFKSKATLTVDKSSSTAYMQLSSLTSEDSAVYYCASRDYDYDGRYFDYWGQGTTLTVSS,scaffolding
QIVLTQSPAIMSASPGEKVTMTCSASSSVTYMYWYQQKPGSSPRLLIYDTSNLASGVPVRFSGSGSGTSYSLTISRMEAEDAATYYCQQWSSHIFTFGSGTKLEIK,QVQLQQPGAELVKPGASVKLSCKASGYTFTSHWMHWVKQRAGQGLEWIGEFNPSNGRTNYNEKFKSKATLTVDKSSSTAYMQLSSLTSEDSAVYYCASRDYDYDGRYFDYWGQGTTLTVSS,DIQMTQSPSSLSASVGDRVTITCSASSSVTYMYWYQQKPGKAPKLLIYDTSNLASGVPSRFSGSGSGTDYTFTISSLQPEDIATYYCQQWSSHIFTFGQGTKVEIK,QVQLVQSGAEVKKPGASVKVSCKASGYTFTSHWMHWVRQAPGQGLEWIGEFNPSNGRTNYNEKFKSKATMTVDTSTNTAYMELSSLRSEDTAVYYCASRDYDYDGRYFDYWGQGTLVTVSS,QIVLTQSPAIMSASPGEKVTMTCSASSSVTYMYWYQQKPGSSPRLLIYDTSNLASGVPVRFSGSGSGTSYSLTISRMEAEDAATYYCQQWSSHIFTFGSGTKLEIK,QVQLQQPGAELVKPGASVKLSCKASGYTFTSHWMHWVKQRAGQGLEWIGEFNPSNGRTNYNEKFKSKATLTVDKSSSTAYMQLSSLTSEDSAVYYCASRDYDYDGRYFDYWGQGTTLTVSS,chimeric
